{
    "auth": {
        "username": "andreacunhadafon_NaQT4P",
        "access_key": "fBpbg5EtWHDPcsbHmDYn"
    },
    "browsers": [
        {
            "browser": "chrome",
            "os": "Windows 10",
            "versions": [
                "latest",
                "latest-1"
            ]
        },
        {
            "browser": "firefox",
            "os": "Windows 10",
            "versions": [
                "latest",
                "latest-1"
            ]
        },
        {
            "browser": "edge",
            "os": "Windows 10",
            "versions": [
                "latest",
                "latest-1"
            ]
        },
        {
            "browser": "chrome",
            "os": "OS X Mojave",
            "versions": [
                "latest",
                "latest-1"
            ]
        },
        
    ],
    "run_settings": {
        "cypress_config_file": "./cypress.config.js",
        "cypress version": "13.latest",
        "project_name": "automacao-web-pgats",
        "build_name": "build-name",
        "exclude": [],
        "parallels": 2,
        "npm_dependencies": {},
        "package_config_options": {},
        "headless": true
    },
    "connection_settings": {
        "local": false,
        "local_identifier": null,
        "local_mode": null,
        "local_config_file": null
    },
    "disable_usage_reporting": false
}